row,col,Height,Amplitude,Phase,ZSensor
0,0,1.2755663e-09,9.3024255e-10,4.4326498e-10,-3.1593572e-10
0,1,3.4494292e-09,3.3472816e-09,2.829836e-09,2.2030235e-09
0,2,6.371465e-09,6.515677e-09,5.8380465e-09,5.5395617e-09
0,3,8.1846565e-09,8.158281e-09,8.008101e-09,7.855476e-09
0,4,9.724772e-09,9.8509645e-09,1.0165991e-08,1.0747044e-08
0,5,1.2190583e-08,1.3091494e-08,1.296479e-08,1.2916189e-08
0,6,1.3803287e-08,1.4151169e-08,1.493612e-08,1.481277e-08
0,7,1.7382547e-08,1.6828551e-08,1.6793535e-08,1.6434171e-08
0,8,1.706917e-08,1.7255502e-08,1.7302114e-08,1.7309162e-08
0,9,1.8691821e-08,1.9188349e-08,2.035705e-08,1.9959316e-08
0,10,2.0543666e-08,2.0764219e-08,2.0955838e-08,2.1019787e-08
0,11,2.318319e-08,2.3617076e-08,2.359809e-08,2.3601217e-08
0,12,2.424963e-08,2.4421809e-08,2.4583812e-08,2.4811868e-08
0,13,2.5708744e-08,2.592708e-08,2.6011548e-08,2.6180714e-08
0,14,2.7218505e-08,2.742894e-08,2.7638464e-08,2.7782448e-08
0,15,2.8421425e-08,2.8817965e-08,2.9431646e-08,3.028589e-08
0,16,2.8997647e-08,2.9164994e-08,2.9389696e-08,2.9882244e-08
0,17,2.924429e-08,2.9608486e-08,3.0650995e-08,3.1465163e-08
0,18,3.0043168e-08,3.027236e-08,3.0379226e-08,3.0430215e-08
0,19,3.1991362e-08,3.1785703e-08,3.193469e-08,3.1843626e-08
0,20,3.188825e-08,3.2208106e-08,3.2039907e-08,3.102849e-08
0,21,3.2270577e-08,3.2372157e-08,3.2571563e-08,3.253922e-08
0,22,3.3668243e-08,3.342143e-08,3.320497e-08,3.3169158e-08
0,23,3.372338e-08,3.362561e-08,3.3079232e-08,3.3031597e-08
0,24,3.48885e-08,3.4810114e-08,3.4070695e-08,3.3688366e-08
0,25,3.3323317e-08,3.3895105e-08,3.3300466e-08,3.336112e-08
0,26,3.3125787e-08,3.3327638e-08,3.3199967e-08,3.3191213e-08
0,27,3.205878e-08,3.2202877e-08,3.3254196e-08,3.295014e-08
0,28,3.1876255e-08,3.18783e-08,3.1793718e-08,3.1725392e-08
0,29,3.246987e-08,3.2603452e-08,3.305348e-08,3.2805985e-08
0,30,3.2283083e-08,3.2704634e-08,3.189149e-08,3.1930085e-08
0,31,3.0555668e-08,3.0317324e-08,3.021961e-08,3.021495e-08
0,32,2.9694036e-08,2.966516e-08,2.9818523e-08,3.042419e-08
0,33,2.92207e-08,2.927004e-08,2.9153114e-08,2.8866623e-08
0,34,2.7957356e-08,2.796611e-08,2.810242e-08,2.8762997e-08
0,35,2.7535862e-08,2.7820533e-08,2.7370504e-08,2.7701446e-08
0,36,2.6598286e-08,2.7052693e-08,2.6458167e-08,2.6705436e-08
0,37,2.5252291e-08,2.5138377e-08,2.513525e-08,2.511382e-08
0,38,2.5052998e-08,2.483398e-08,2.4961878e-08,2.5452039e-08
0,39,2.3637028e-08,2.3801817e-08,2.4253325e-08,2.338993e-08
0,40,2.2260906e-08,2.2230097e-08,2.2198776e-08,2.2158815e-08
0,41,2.2359075e-08,2.222805e-08,2.2352424e-08,2.2360268e-08
0,42,2.1173605e-08,2.1457822e-08,2.1278083e-08,2.1506878e-08
0,43,2.0554978e-08,2.0681682e-08,2.0429695e-08,2.0581979e-08
0,44,2.1122787e-08,2.0725054e-08,2.0640528e-08,2.0299183e-08
0,45,2.194372e-08,2.1486073e-08,2.0682023e-08,2.0432026e-08
0,46,2.3068708e-08,2.2834229e-08,2.2252834e-08,2.1710946e-08
0,47,2.5392126e-08,2.4715064e-08,2.4228314e-08,2.3578252e-08
0,48,2.6680425e-08,2.6075668e-08,2.543419e-08,2.4782707e-08
0,49,2.8259763e-08,2.7736803e-08,2.7137219e-08,2.6491364e-08
0,50,3.016646e-08,2.9650778e-08,2.9135151e-08,2.8484578e-08
0,51,3.179082e-08,3.1215052e-08,3.0627803e-08,3.0058345e-08
0,52,3.310538e-08,3.265592e-08,3.2136086e-08,3.1638933e-08
0,53,3.527714e-08,3.523644e-08,3.4040966e-08,3.3692857e-08
0,54,3.568482e-08,3.5429707e-08,3.4930338e-08,3.4354343e-08
0,55,3.749193e-08,3.690525e-08,3.6316692e-08,3.5817266e-08
0,56,3.850454e-08,3.8574115e-08,3.789262e-08,3.769054e-08
0,57,3.986679e-08,3.9247823e-08,3.857292e-08,3.8020858e-08
0,58,4.098689e-08,4.086843e-08,4.0280213e-08,3.975657e-08
0,59,4.2034173e-08,4.1504904e-08,4.086388e-08,4.0361613e-08
0,60,4.339165e-08,4.299062e-08,4.261028e-08,4.1964938e-08
0,61,4.3942066e-08,4.400823e-08,4.2915644e-08,4.27072e-08
0,62,4.3691443e-08,4.347021e-08,4.4226567e-08,4.327734e-08
0,63,4.4778005e-08,4.423015e-08,4.352762e-08,4.2979764e-08
0,64,4.4883507e-08,4.4263402e-08,4.3560362e-08,4.3170587e-08
0,65,4.573627e-08,4.5483887e-08,4.4524313e-08,4.4193428e-08
0,66,4.391933e-08,4.3402395e-08,4.2905697e-08,4.2354998e-08
0,67,4.438175e-08,4.4103274e-08,4.3630564e-08,4.3278305e-08
0,68,4.4379874e-08,4.3935586e-08,4.3473506e-08,4.2570036e-08
0,69,4.3382443e-08,4.337511e-08,4.3206853e-08,4.26445e-08
0,70,4.3362377e-08,4.2988518e-08,4.246141e-08,4.2040256e-08
0,71,4.2641204e-08,4.2788145e-08,4.2151157e-08,4.1522412e-08
0,72,4.1718806e-08,4.133028e-08,4.1665373e-08,4.0876046e-08
0,73,4.221937e-08,4.1772182e-08,4.1339547e-08,4.051799e-08
0,74,3.981063e-08,3.9356962e-08,3.9159147e-08,3.9201666e-08
0,75,3.9667498e-08,3.9094914e-08,3.8628798e-08,3.790825e-08
0,76,3.8765336e-08,3.8493738e-08,3.661296e-08,3.599837e-08
0,77,3.8187522e-08,3.7894097e-08,3.718725e-08,3.643038e-08
0,78,3.7433665e-08,3.685801e-08,3.6641666e-08,3.6138715e-08
0,79,3.678298e-08,3.6247684e-08,3.565026e-08,3.5022993e-08
0,80,3.6324877e-08,3.5632183e-08,3.5354276e-08,3.4471668e-08
0,81,3.5664584e-08,3.5264463e-08,3.4592574e-08,3.378193e-08
0,82,3.3919264e-08,3.3307344e-08,3.3003857e-08,3.3098786e-08
0,83,3.4003904e-08,3.3500214e-08,3.3189224e-08,3.224227e-08
0,84,3.2949004e-08,3.279797e-08,3.173443e-08,3.1479317e-08
0,85,3.0920035e-08,3.1425373e-08,3.1053332e-08,3.044852e-08
0,86,3.11976e-08,3.1265813e-08,3.0096658e-08,2.9776004e-08
0,87,2.9135606e-08,2.9853766e-08,2.8904424e-08,2.8432567e-08
0,88,2.9335354e-08,2.8245324e-08,2.7855378e-08,2.736175e-08
0,89,2.7748854e-08,2.736141e-08,2.7317014e-08,2.6655414e-08
0,90,2.6139162e-08,2.5760812e-08,2.5264e-08,2.481437e-08
0,91,2.628758e-08,2.5880752e-08,2.5443512e-08,2.472541e-08
0,92,2.5781333e-08,2.5402471e-08,2.466129e-08,2.4648102e-08
0,93,2.5256554e-08,2.4913845e-08,2.435388e-08,2.3594453e-08
0,94,2.5120357e-08,2.4962787e-08,2.4333133e-08,2.3493328e-08
0,95,2.5542874e-08,2.481221e-08,2.4359565e-08,2.366312e-08
0,96,2.5710506e-08,2.5107624e-08,2.4816359e-08,2.3856387e-08
0,97,2.5673273e-08,2.5241036e-08,2.451884e-08,2.3685686e-08
0,98,2.6346811e-08,2.5455506e-08,2.4779013e-08,2.3922325e-08
0,99,2.5298448e-08,2.4558801e-08,2.4114001e-08,2.3650955e-08
0,100,2.5647353e-08,2.5006557e-08,2.4404358e-08,2.3865198e-08
0,101,2.5907127e-08,2.5116833e-08,2.4584722e-08,2.3734685e-08
0,102,2.7953945e-08,2.7184115e-08,2.6278883e-08,2.5596194e-08
0,103,2.9604564e-08,2.8839452e-08,2.8060754e-08,2.7227259e-08
0,104,3.0422143e-08,2.9972455e-08,2.9174942e-08,2.88548e-08
0,105,3.1653997e-08,3.1137574e-08,3.0240074e-08,2.980795e-08
0,106,3.17591e-08,3.1269508e-08,3.0771275e-08,3.008074e-08
0,107,3.1780132e-08,3.11868e-08,3.0405033e-08,2.9673004e-08
0,108,3.1375976e-08,3.0927765e-08,3.0242518e-08,2.9542832e-08
0,109,3.1081697e-08,3.0419017e-08,2.983444e-08,2.9023909e-08
0,110,3.019852e-08,2.9999683e-08,2.8785166e-08,2.803904e-08
0,111,2.9650323e-08,2.8796535e-08,2.7972078e-08,2.7307692e-08
0,112,2.9122532e-08,2.8332693e-08,2.7622377e-08,2.6679913e-08
0,113,2.835759e-08,2.7753856e-08,2.6699126e-08,2.5929637e-08
0,114,2.7668307e-08,2.6896089e-08,2.6319583e-08,2.5377233e-08
0,115,2.6864825e-08,2.622619e-08,2.5459371e-08,2.4658846e-08
0,116,2.5891325e-08,2.5169129e-08,2.4410781e-08,2.3591156e-08
0,117,2.4567555e-08,2.3827909e-08,2.301556e-08,2.2197412e-08
0,118,2.2590939e-08,2.1881647e-08,2.11719e-08,2.0401956e-08
0,119,2.1052927e-08,2.0462949e-08,1.9799757e-08,1.893801e-08
0,120,1.8024878e-08,1.754023e-08,1.6873457e-08,1.6195088e-08
0,121,1.8393848e-08,1.7708828e-08,1.707582e-08,1.6616184e-08
0,122,1.6750278e-08,1.6091064e-08,1.5399564e-08,1.4834768e-08
0,123,1.4450791e-08,1.48926915e-08,1.3947044e-08,1.333666e-08
0,124,1.4244961e-08,1.38442715e-08,1.2869805e-08,1.23072255e-08
0,125,1.364117e-08,1.310093e-08,1.2251348e-08,1.157531e-08
0,126,1.2288069e-08,1.1708835e-08,1.09894245e-08,1.0251654e-08
0,127,1.3021179e-08,1.0782344e-08,9.876658e-09,9.216706e-09
0,128,1.4897182e-08,1.19267725e-08,9.640985e-09,8.5876195e-09
0,129,1.6903755e-08,1.3802378e-08,1.0862436e-08,8.34649e-09
0,130,1.9005824e-08,1.5901549e-08,1.2902376e-08,9.885298e-09
0,131,2.1185997e-08,1.8198591e-08,1.50348e-08,1.1972702e-08
0,132,2.3031987e-08,2.0035259e-08,1.6987428e-08,1.3773388e-08
0,133,2.5078918e-08,2.2013296e-08,1.8967967e-08,1.5901435e-08
0,134,2.6660246e-08,2.3935456e-08,2.101848e-08,1.7990203e-08
0,135,2.7835767e-08,2.5008433e-08,2.2139602e-08,1.9192782e-08
0,136,2.9497016e-08,2.6593739e-08,2.3683697e-08,2.081606e-08
0,137,3.081999e-08,2.7764827e-08,2.4926976e-08,2.2076108e-08
0,138,3.216394e-08,2.9140722e-08,2.6148768e-08,2.3281132e-08
0,139,3.3269146e-08,3.0244053e-08,2.7254998e-08,2.4417261e-08
0,140,3.4446657e-08,3.1500406e-08,2.8696206e-08,2.5747966e-08
0,141,3.5504797e-08,3.2638013e-08,2.9524074e-08,2.695458e-08
0,142,3.6601193e-08,3.3743163e-08,3.1025365e-08,2.8201555e-08
0,143,3.7608118e-08,3.4570974e-08,3.1918375e-08,2.904602e-08
0,144,3.873612e-08,3.5917196e-08,3.3113224e-08,3.03815e-08
0,145,3.9918177e-08,3.71665e-08,3.454295e-08,3.1851016e-08
0,146,4.088662e-08,3.8191104e-08,3.5694143e-08,3.2992887e-08
0,147,4.227371e-08,3.9711836e-08,3.7447307e-08,3.4697564e-08
0,148,4.3107036e-08,4.110302e-08,3.8839687e-08,3.6097106e-08
0,149,4.376284e-08,4.1892406e-08,3.985133e-08,3.739308e-08
0,150,4.436413e-08,4.2673946e-08,4.0741327e-08,3.8679616e-08
0,151,4.423049e-08,4.274449e-08,4.1073463e-08,3.9256918e-08
0,152,4.4562967e-08,4.3207308e-08,4.1662815e-08,4.0039367e-08
0,153,4.4758337e-08,4.3451905e-08,4.2029853e-08,4.0544137e-08
0,154,4.472787e-08,4.3443606e-08,4.2142972e-08,4.0794134e-08
0,155,4.4664148e-08,4.3835882e-08,4.2323848e-08,4.159193e-08
0,156,4.4300464e-08,4.320293e-08,4.212609e-08,4.106613e-08
0,157,4.386044e-08,4.277831e-08,4.1762632e-08,4.0693408e-08
0,158,4.3117097e-08,4.20452e-08,4.1119222e-08,4.0076202e-08
0,159,4.292872e-08,4.1896953e-08,4.101156e-08,4.000242e-08
0,160,4.248534e-08,4.1532473e-08,4.0559883e-08,3.9477413e-08
0,161,4.1718465e-08,4.08225e-08,3.980324e-08,3.875988e-08
0,162,4.0784357e-08,4.000134e-08,3.8986684e-08,3.799755e-08
0,163,4.0373436e-08,3.950595e-08,3.859509e-08,3.7508414e-08
0,164,3.9259874e-08,3.8365215e-08,3.7541895e-08,3.6542247e-08
0,165,3.8266023e-08,3.7321342e-08,3.6457607e-08,3.547001e-08
0,166,3.701382e-08,3.6127403e-08,3.5261166e-08,3.4241225e-08
0,167,3.5454832e-08,3.4653965e-08,3.366904e-08,3.2606067e-08
0,168,3.3556887e-08,3.275835e-08,3.1835896e-08,3.088894e-08
0,169,3.154304e-08,3.073984e-08,2.981858e-08,2.8780732e-08
0,170,2.957114e-08,2.8882653e-08,2.7970145e-08,2.7042745e-08
0,171,2.7554961e-08,2.6926443e-08,2.6022917e-08,2.5050895e-08
0,172,2.6156954e-08,2.5471081e-08,2.4612234e-08,2.3712971e-08
0,173,2.4814256e-08,2.4326766e-08,2.3788232e-08,2.3135556e-08
0,174,2.3836378e-08,2.355398e-08,2.3233099e-08,2.2738675e-08
0,175,2.3299037e-08,2.2903578e-08,2.2561665e-08,2.2174959e-08
0,176,2.2709173e-08,2.2344693e-08,2.2068889e-08,2.1784388e-08
0,177,2.0906441e-08,2.0950097e-08,2.164279e-08,2.1043775e-08
0,178,2.1540302e-08,2.1069297e-08,2.0838627e-08,2.0463062e-08
0,179,1.9710626e-08,1.9603704e-08,2.0076357e-08,2.0316747e-08
0,180,1.9088077e-08,1.9041181e-08,1.9358026e-08,1.9568972e-08
0,181,1.945358e-08,1.9365132e-08,1.9162997e-08,1.8638048e-08
0,182,1.805887e-08,1.793461e-08,1.8026242e-08,1.8260494e-08
0,183,1.7691661e-08,1.745741e-08,1.7514708e-08,1.7439959e-08
0,184,1.7866455e-08,1.7945524e-08,1.7522552e-08,1.6824458e-08
0,185,1.7400794e-08,1.7237653e-08,1.6918364e-08,1.639529e-08
0,186,1.7230434e-08,1.6728904e-08,1.6097715e-08,1.5158207e-08
0,187,1.7570983e-08,1.6643753e-08,1.5511318e-08,1.4409295e-08
0,188,1.770752e-08,1.6690706e-08,1.5549176e-08,1.4266959e-08
0,189,1.8275898e-08,1.7384707e-08,1.6263698e-08,1.4924467e-08
0,190,1.8469507e-08,1.754728e-08,1.6613058e-08,1.5380522e-08
0,191,1.870876e-08,1.7837237e-08,1.6981573e-08,1.5841692e-08
0,192,1.9489562e-08,1.8634523e-08,1.7637376e-08,1.6467652e-08
0,193,1.969687e-08,1.8879746e-08,1.7799152e-08,1.6765796e-08
0,194,1.9706874e-08,1.8994967e-08,1.8148057e-08,1.7057914e-08
0,195,2.0167818e-08,1.9481774e-08,1.8573985e-08,1.747162e-08
0,196,2.0064874e-08,1.940208e-08,1.8612184e-08,1.7514822e-08
0,197,2.0158836e-08,1.9495985e-08,1.875651e-08,1.7406592e-08
0,198,2.0022924e-08,1.9259517e-08,1.82485e-08,1.7334344e-08
0,199,1.9775484e-08,1.9014749e-08,1.8092123e-08,1.6855836e-08
0,200,1.9245249e-08,1.8492472e-08,1.7554157e-08,1.6345666e-08
0,201,1.8759465e-08,1.7944387e-08,1.6948206e-08,1.5691796e-08
0,202,1.8266803e-08,1.7454227e-08,1.6322076e-08,1.4984323e-08
0,203,1.6979868e-08,1.6142621e-08,1.5055889e-08,1.36275276e-08
0,204,1.5532919e-08,1.4581019e-08,1.3644524e-08,1.2602641e-08
0,205,1.3482861e-08,1.2772318e-08,1.1951954e-08,1.1032739e-08
0,206,1.1500276e-08,1.1016937e-08,1.0743577e-08,1.01638875e-08
0,207,8.91049e-09,9.218979e-09,9.086591e-09,8.683514e-09
0,208,6.5800236e-09,6.6812618e-09,6.9849193e-09,7.076096e-09
0,209,4.2126658e-09,4.614151e-09,5.015579e-09,5.2821747e-09
0,210,1.404203e-09,2.0439757e-09,1.7505499e-09,2.7752662e-09
0,211,-6.6000894e-10,-4.456524e-11,4.2825832e-10,8.3269924e-10
0,212,-3.3759306e-09,-2.7686724e-09,-1.8708306e-09,-7.123049e-10
0,213,-4.8458446e-09,-4.3057753e-09,-3.3051037e-09,-2.2595827e-09
0,214,-6.4915753e-09,-5.6082854e-09,-4.619892e-09,-3.6084202e-09
0,215,-7.418521e-09,-6.3890297e-09,-5.301729e-09,-4.2650754e-09
0,216,-7.950632e-09,-7.258052e-09,-6.3034804e-09,-5.2775704e-09
0,217,-8.912821e-09,-8.149016e-09,-7.210872e-09,-6.2119625e-09
0,218,-9.436519e-09,-8.693689e-09,-7.666699e-09,-6.7012706e-09
0,219,-1.0260862e-08,-9.415089e-09,-8.4475005e-09,-7.453366e-09
0,220,-1.1252553e-08,-1.0276608e-08,-9.479436e-09,-8.595464e-09
0,221,-1.2101964e-08,-1.1234988e-08,-1.03940465e-08,-9.394114e-09
0,222,-1.2923351e-08,-1.2115436e-08,-1.1167742e-08,-1.0309179e-08
0,223,-1.3692102e-08,-1.2778571e-08,-1.2002317e-08,-1.1276143e-08
0,224,-1.4282534e-08,-1.3478996e-08,-1.2665396e-08,-1.1745271e-08
0,225,-1.4888371e-08,-1.4144405e-08,-1.3322392e-08,-1.2437738e-08
0,226,-1.5657577e-08,-1.4822774e-08,-1.4077102e-08,-1.3371505e-08
0,227,-1.632884e-08,-1.5585215e-08,-1.4948114e-08,-1.441316e-08
0,228,-1.7252205e-08,-1.6517845e-08,-1.5762737e-08,-1.490696e-08
0,229,-1.7857417e-08,-1.7324965e-08,-1.6810304e-08,-1.6318722e-08
0,230,-1.903419e-08,-1.8503158e-08,-1.7995774e-08,-1.7567402e-08
0,231,-2.0215737e-08,-1.9737058e-08,-1.9444883e-08,-1.9111724e-08
0,232,-2.1473284e-08,-2.1058327e-08,-2.0774849e-08,-2.0530933e-08
0,233,-2.2793472e-08,-2.2391646e-08,-2.2155575e-08,-2.1725839e-08
0,234,-2.4752183e-08,-2.3969733e-08,-2.2507436e-08,-2.2506924e-08
0,235,-2.4623318e-08,-2.4206656e-08,-2.3404482e-08,-2.2630786e-08
0,236,-2.423019e-08,-2.3594168e-08,-2.2845484e-08,-2.1983567e-08
0,237,-2.3436769e-08,-2.3631742e-08,-2.2763913e-08,-2.1371307e-08
0,238,-2.2502604e-08,-2.1547692e-08,-2.0887626e-08,-2.0153834e-08
0,239,-2.176381e-08,-2.0740288e-08,-2.0150878e-08,-1.9660717e-08
0,240,-2.186789e-08,-2.0930429e-08,-1.9205345e-08,-1.8881678e-08
0,241,-2.1054518e-08,-1.9767867e-08,-1.8326034e-08,-1.7430125e-08
0,242,-1.8786977e-08,-1.8103663e-08,-1.7209345e-08,-1.5842375e-08
0,243,-1.9586423e-08,-1.8452909e-08,-1.7282844e-08,-1.6224988e-08
0,244,-1.896791e-08,-1.7952573e-08,-1.6769093e-08,-1.5786043e-08
0,245,-1.8478374e-08,-1.7420007e-08,-1.6509489e-08,-1.5755575e-08
0,246,-1.8335356e-08,-1.7507432e-08,-1.6766705e-08,-1.6165245e-08
0,247,-1.8145727e-08,-1.7627826e-08,-1.7028071e-08,-1.6320826e-08
0,248,-1.8172898e-08,-1.7714456e-08,-1.721645e-08,-1.6804734e-08
0,249,-1.820672e-08,-1.764289e-08,-1.7100263e-08,-1.6692525e-08
0,250,-1.828306e-08,-1.766415e-08,-1.7146988e-08,-1.6685135e-08
0,251,-1.8361675e-08,-1.7878733e-08,-1.742086e-08,-1.6894546e-08
0,252,-1.8372418e-08,-1.773958e-08,-1.7464686e-08,-1.7070363e-08
0,253,-1.8327e-08,-1.7794036e-08,-1.7349123e-08,-1.6931722e-08
0,254,-1.8552157e-08,-1.8016408e-08,-1.7546256e-08,-1.708861e-08
0,255,-1.8835124e-08,-1.8332685e-08,-1.783161e-08,-1.7378738e-08
1,0,2.0432962e-08,2.0582837e-08,2.0535813e-08,2.0528587e-08
1,1,2.0438064e-08,2.0564583e-08,2.0656909e-08,2.0583158e-08
1,2,2.069127e-08,2.0401195e-08,2.0684208e-08,2.061202e-08
1,3,2.063485e-08,2.0584855e-08,2.058738e-08,2.0590978e-08
1,4,2.0646008e-08,2.0625986e-08,2.0677433e-08,2.0427745e-08
1,5,2.0677398e-08,2.0692221e-08,2.0736577e-08,2.040796e-08
1,6,2.0645466e-08,2.0655817e-08,2.043235e-08,2.0817932e-08
1,7,2.06538e-08,2.035607e-08,2.0785688e-08,2.0475952e-08
1,8,2.0649715e-08,2.0633319e-08,2.0623409e-08,2.0604109e-08
1,9,2.0666063e-08,2.0690594e-08,2.0547356e-08,2.0710003e-08
1,10,2.0616396e-08,2.0647173e-08,2.063162e-08,2.0625007e-08
1,11,2.0771305e-08,2.0500648e-08,2.0739604e-08,2.0499211e-08
1,12,2.0648939e-08,2.062428e-08,2.0638396e-08,2.061905e-08
1,13,2.0654442e-08,2.0631004e-08,2.0638602e-08,2.0640933e-08
1,14,2.0643503e-08,2.0635865e-08,2.0638886e-08,2.0633832e-08
1,15,2.0680337e-08,2.0655628e-08,2.0779442e-08,2.089492e-08
1,16,2.0637216e-08,2.0662737e-08,2.0643018e-08,2.069831e-08
1,17,2.0647938e-08,2.0672422e-08,2.0837964e-08,2.0651e-08
1,18,2.0638236e-08,2.063282e-08,2.0640707e-08,2.0632385e-08
1,19,2.0724192e-08,2.0742434e-08,2.0496405e-08,2.0771132e-08
1,20,2.0805242e-08,2.0700277e-08,2.0467299e-08,2.0626265e-08
1,21,2.0680986e-08,2.0585462e-08,2.0533415e-08,2.0785745e-08
1,22,2.0708006e-08,2.0323629e-08,2.0891639e-08,2.0423998e-08
1,23,2.093802e-08,2.0397376e-08,2.078191e-08,2.0541329e-08
1,24,2.1003626e-08,2.0493363e-08,2.0335353e-08,2.0698362e-08
1,25,2.063945e-08,2.0495241e-08,2.0721568e-08,2.053378e-08
1,26,2.0537469e-08,2.0543299e-08,2.0770415e-08,2.0496227e-08
1,27,2.0639295e-08,2.0664665e-08,2.072349e-08,2.0374763e-08
1,28,2.062804e-08,2.0619126e-08,2.0623036e-08,2.0596008e-08
1,29,2.0462771e-08,2.061359e-08,2.0302368e-08,2.0814259e-08
1,30,2.0590898e-08,2.060353e-08,2.059428e-08,2.0507622e-08
1,31,2.0612916e-08,2.0625055e-08,2.0603078e-08,2.0641652e-08
1,32,2.0603553e-08,2.0624643e-08,2.0650104e-08,2.0802585e-08
1,33,2.061889e-08,2.0624896e-08,2.0613498e-08,2.0586937e-08
1,34,2.062647e-08,2.0630578e-08,2.0661156e-08,2.0450633e-08
1,35,2.0549393e-08,2.0529422e-08,2.0755268e-08,2.054462e-08
1,36,2.066683e-08,2.0633832e-08,2.0551754e-08,2.068913e-08
1,37,2.0622831e-08,2.0603636e-08,2.062884e-08,2.0626116e-08
1,38,2.0577646e-08,2.050658e-08,2.0600465e-08,2.0662814e-08
1,39,2.0642787e-08,2.0685741e-08,2.042946e-08,2.0601439e-08
1,40,2.0602345e-08,2.0633172e-08,2.0613067e-08,2.0624974e-08
1,41,2.0782972e-08,2.0532793e-08,2.0640757e-08,2.0472232e-08
1,42,2.0550582e-08,2.077788e-08,2.054894e-08,2.064231e-08
1,43,2.048612e-08,2.0723965e-08,2.0648049e-08,2.0558343e-08
1,44,2.0552868e-08,2.0809333e-08,2.0361089e-08,2.0821838e-08
1,45,2.0414866e-08,2.071869e-08,2.0520138e-08,2.0473289e-08
1,46,2.0691648e-08,2.044782e-08,2.0636106e-08,2.0760872e-08
1,47,2.0624503e-08,2.045114e-08,2.0469034e-08,2.0603748e-08
1,48,2.0488072e-08,2.0528065e-08,2.0495667e-08,2.0478673e-08
1,49,2.0576232e-08,2.0580236e-08,2.056257e-08,2.0537591e-08
1,50,2.0563713e-08,2.0575737e-08,2.0581e-08,2.0548585e-08
1,51,2.0587644e-08,2.0531818e-08,2.0559412e-08,2.0590194e-08
1,52,2.0597785e-08,2.0625585e-08,2.0616454e-08,2.0565519e-08
1,53,2.0905508e-08,2.0456943e-08,2.0519217e-08,2.0498025e-08
1,54,2.0594783e-08,2.0575195e-08,2.055981e-08,2.0538799e-08
1,55,2.0526567e-08,2.0666457e-08,2.0640956e-08,2.067096e-08
1,56,2.050953e-08,2.0526853e-08,2.0757806e-08,2.0422515e-08
1,57,2.0601062e-08,2.062748e-08,2.0584638e-08,2.0607413e-08
1,58,2.0495017e-08,2.0525096e-08,2.0794008e-08,2.0456007e-08
1,59,2.05739e-08,2.0531797e-08,2.052459e-08,2.060083e-08
1,60,2.0454022e-08,2.0688967e-08,2.0333413e-08,2.0736262e-08
1,61,2.0513362e-08,2.0639058e-08,2.0504524e-08,2.0447517e-08
1,62,2.0592497e-08,2.0624752e-08,2.0776955e-08,2.0415177e-08
1,63,2.0572307e-08,2.0566812e-08,2.0564865e-08,2.0567644e-08
1,64,2.058804e-08,2.0537952e-08,2.059642e-08,2.0575058e-08
1,65,2.0649379e-08,2.0395682e-08,2.0689326e-08,2.0370033e-08
1,66,2.0574713e-08,2.05766e-08,2.0577911e-08,2.0566441e-08
1,67,2.059643e-08,2.051147e-08,2.077538e-08,2.037334e-08
1,68,2.0560186e-08,2.0470948e-08,2.0606748e-08,2.068223e-08
1,69,2.0690997e-08,2.0663315e-08,2.0468025e-08,2.0701814e-08
1,70,2.0499963e-08,2.0603135e-08,2.0662284e-08,2.0443192e-08
1,71,2.065327e-08,2.0463439e-08,2.0543489e-08,2.0538685e-08
1,72,2.0586988e-08,2.0647676e-08,2.0544745e-08,2.064985e-08
1,73,2.0729553e-08,2.0456026e-08,2.0573607e-08,2.0609779e-08
1,74,2.057931e-08,2.0609086e-08,2.0649525e-08,2.0559467e-08
1,75,2.0762311e-08,2.0436062e-08,2.0679252e-08,2.0534317e-08
1,76,2.0829129e-08,2.0469274e-08,2.050018e-08,2.0572323e-08
1,77,2.0662323e-08,2.0447342e-08,2.0641274e-08,2.0691173e-08
1,78,2.051426e-08,2.0446159e-08,2.0382338e-08,2.070501e-08
1,79,2.0533914e-08,2.0446972e-08,2.0571509e-08,2.0468741e-08
1,80,2.0671644e-08,2.0543036e-08,2.0569734e-08,2.0695852e-08
1,81,2.0483435e-08,2.046738e-08,2.0678225e-08,2.064346e-08
1,82,2.0579426e-08,2.0572102e-08,2.0651505e-08,2.0627969e-08
1,83,2.0742302e-08,2.0499822e-08,2.0580316e-08,2.0681002e-08
1,84,2.0461087e-08,2.0620503e-08,2.0572749e-08,2.0516845e-08
1,85,2.0624043e-08,2.0819567e-08,2.041471e-08,2.0631667e-08
1,86,2.0458234e-08,2.0602405e-08,2.046603e-08,2.0496074e-08
1,87,2.0626208e-08,2.0733282e-08,2.0455046e-08,2.046388e-08
1,88,2.0575303e-08,2.0537033e-08,2.044548e-08,2.0716836e-08
1,89,2.0663805e-08,2.0477156e-08,2.0826244e-08,2.036912e-08
1,90,2.0581645e-08,2.0593562e-08,2.0548992e-08,2.0575074e-08
1,91,2.0555618e-08,2.0460144e-08,2.0509905e-08,2.0507544e-08
1,92,2.0355484e-08,2.0774678e-08,2.046962e-08,2.0599392e-08
1,93,2.050506e-08,2.0488397e-08,2.0729281e-08,2.053431e-08
1,94,2.0765036e-08,2.0373387e-08,2.07505e-08,2.042998e-08
1,95,2.0566578e-08,2.069158e-08,2.0427422e-08,2.0632788e-08
1,96,2.0431715e-08,2.0792589e-08,2.0445569e-08,2.070757e-08
1,97,2.0700888e-08,2.0373585e-08,2.0669429e-08,2.0618447e-08
1,98,2.0654436e-08,2.0621446e-08,2.043225e-08,2.0523617e-08
1,99,2.05719e-08,2.0570301e-08,2.0585285e-08,2.0593916e-08
1,100,2.0581485e-08,2.0591747e-08,2.0540767e-08,2.0551362e-08
1,101,2.0515717e-08,2.0599376e-08,2.052458e-08,2.0513133e-08
1,102,2.058371e-08,2.0552205e-08,2.0647704e-08,2.0506237e-08
1,103,2.045953e-08,2.0646626e-08,2.0558993e-08,2.0501318e-08
1,104,2.046173e-08,2.0545057e-08,2.0493047e-08,2.0587118e-08
1,105,2.0439218e-08,2.0733404e-08,2.057679e-08,2.0421886e-08
1,106,2.0534827e-08,2.0461021e-08,2.0528168e-08,2.0694126e-08
1,107,2.0429628e-08,2.0565253e-08,2.0666175e-08,2.0638467e-08
1,108,2.0569722e-08,2.0475191e-08,2.0751653e-08,2.0372388e-08
1,109,2.0472575e-08,2.0639375e-08,2.0400512e-08,2.0559696e-08
1,110,2.0426654e-08,2.0642334e-08,2.043203e-08,2.0447395e-08
1,111,2.0667033e-08,2.0578035e-08,2.0503398e-08,2.043412e-08
1,112,2.0559114e-08,2.0402709e-08,2.062788e-08,2.0701147e-08
1,113,2.0452237e-08,2.0584148e-08,2.0644736e-08,2.0580602e-08
1,114,2.0735204e-08,2.049778e-08,2.0435172e-08,2.0553067e-08
1,115,2.0596085e-08,2.06205e-08,2.0567153e-08,2.0559531e-08
1,116,2.0563013e-08,2.0496103e-08,2.0506189e-08,2.050828e-08
1,117,2.0565007e-08,2.0554944e-08,2.0537222e-08,2.0509233e-08
1,118,2.0542084e-08,2.0540538e-08,2.0570953e-08,2.0564546e-08
1,119,2.061045e-08,2.0578742e-08,2.0554458e-08,2.0549512e-08
1,120,2.0566475e-08,2.0603242e-08,2.0559636e-08,2.0578154e-08
1,121,2.0640682e-08,2.0677463e-08,2.058797e-08,2.0421513e-08
1,122,2.0615886e-08,2.0604611e-08,2.0585242e-08,2.0524151e-08
1,123,2.0617307e-08,2.0621851e-08,2.0432571e-08,2.067684e-08
1,124,2.0614374e-08,2.0590198e-08,2.066336e-08,2.0431079e-08
1,125,2.0482142e-08,2.0653834e-08,2.05523e-08,2.050006e-08
1,126,2.054129e-08,2.05509e-08,2.0685945e-08,2.0545802e-08
1,127,2.031991e-08,2.0477012e-08,2.0532578e-08,2.0582538e-08
1,128,2.0342931e-08,2.033496e-08,2.0443204e-08,2.0629779e-08
1,129,2.0277227e-08,2.03025e-08,2.0316476e-08,2.04175e-08
1,130,2.0218977e-08,2.0312745e-08,2.0341577e-08,2.0258183e-08
1,131,2.0355266e-08,2.0294452e-08,2.036788e-08,2.029467e-08
1,132,2.0318282e-08,2.0306679e-08,2.0295161e-08,2.0275426e-08
1,133,2.0307352e-08,2.0305675e-08,2.0318218e-08,2.0329677e-08
1,134,2.033645e-08,2.0344062e-08,2.0299929e-08,2.0316765e-08
1,135,2.0352289e-08,2.0322561e-08,2.0289097e-08,2.0283993e-08
1,136,2.0334104e-08,2.0305508e-08,2.031682e-08,2.0286112e-08
1,137,2.0316953e-08,2.0314852e-08,2.0330416e-08,2.031408e-08
1,138,2.0300877e-08,2.0310468e-08,2.0304487e-08,2.0315406e-08
1,139,2.0316447e-08,2.0294664e-08,2.0356103e-08,2.0276742e-08
1,140,2.0336081e-08,2.031651e-08,2.0327512e-08,2.0318387e-08
1,141,2.0338474e-08,2.0295339e-08,2.0230491e-08,2.0276584e-08
1,142,2.0309614e-08,2.0324146e-08,2.0334928e-08,2.0313081e-08
1,143,2.0297302e-08,2.0273607e-08,2.0375833e-08,2.0295714e-08
1,144,2.033996e-08,2.0338705e-08,2.0338145e-08,2.0309663e-08
1,145,2.0331685e-08,2.0346192e-08,2.0330777e-08,2.0307771e-08
1,146,2.038386e-08,2.038245e-08,2.0312953e-08,2.0327594e-08
1,147,2.0429752e-08,2.036075e-08,2.0358366e-08,2.034283e-08
1,148,2.043112e-08,2.0385713e-08,2.034897e-08,2.0393223e-08
1,149,2.040884e-08,2.0412882e-08,2.0350585e-08,2.0337563e-08
1,150,2.0467496e-08,2.0465876e-08,2.0366915e-08,2.037993e-08
1,151,2.0440748e-08,2.0429791e-08,2.0449535e-08,2.0435566e-08
1,152,2.047671e-08,2.0471393e-08,2.0480398e-08,2.0423121e-08
1,153,2.0509301e-08,2.0474918e-08,2.0456529e-08,2.045065e-08
1,154,2.0582284e-08,2.052675e-08,2.0535236e-08,2.0503009e-08
1,155,2.0396632e-08,2.0568907e-08,2.0474038e-08,2.0515445e-08
1,156,2.0430003e-08,2.0563258e-08,2.0625077e-08,2.0476083e-08
1,157,2.0511713e-08,2.050908e-08,2.0511278e-08,2.0477652e-08
1,158,2.0534763e-08,2.0527315e-08,2.0474682e-08,2.0488049e-08
1,159,2.0536449e-08,2.0500671e-08,2.053087e-08,2.04773e-08
1,160,2.0579865e-08,2.0573347e-08,2.0529146e-08,2.0506377e-08
1,161,2.0529862e-08,2.0541922e-08,2.0509983e-08,2.0531454e-08
1,162,2.0452513e-08,2.05138e-08,2.049696e-08,2.0427839e-08
1,163,2.0534499e-08,2.0497009e-08,2.0475724e-08,2.0472612e-08
1,164,2.0478934e-08,2.0503478e-08,2.0540966e-08,2.0535426e-08
1,165,2.0509303e-08,2.0526368e-08,2.0556055e-08,2.0511663e-08
1,166,2.0531001e-08,2.0488745e-08,2.0461282e-08,2.0509802e-08
1,167,2.054706e-08,2.0533468e-08,2.0503084e-08,2.0498714e-08
1,168,2.0550518e-08,2.0539815e-08,2.0560158e-08,2.0549493e-08
1,169,2.054307e-08,2.054964e-08,2.0505176e-08,2.0533188e-08
1,170,2.054838e-08,2.050296e-08,2.0504176e-08,2.0523034e-08
1,171,2.0542814e-08,2.0518247e-08,2.050833e-08,2.0488786e-08
1,172,2.048469e-08,2.0540073e-08,2.0507464e-08,2.0480456e-08
1,173,2.0623776e-08,2.0608333e-08,2.057866e-08,2.0528603e-08
1,174,2.0647525e-08,2.0607773e-08,2.055348e-08,2.0565937e-08
1,175,2.0672612e-08,2.064077e-08,2.065368e-08,2.0609507e-08
1,176,2.0565553e-08,2.0540398e-08,2.0532159e-08,2.0568143e-08
1,177,2.0601986e-08,2.0644471e-08,2.0579858e-08,2.0505146e-08
1,178,2.0421048e-08,2.057905e-08,2.0637444e-08,2.061625e-08
1,179,2.0588551e-08,2.0618888e-08,2.0737852e-08,2.0749368e-08
1,180,2.0586784e-08,2.0616818e-08,2.0730866e-08,2.0682805e-08
1,181,2.0443922e-08,2.042683e-08,2.0590683e-08,2.067421e-08
1,182,2.0598561e-08,2.0612047e-08,2.0671758e-08,2.043145e-08
1,183,2.0585553e-08,2.0567237e-08,2.06578e-08,2.058883e-08
1,184,2.0754548e-08,2.0466258e-08,2.0500428e-08,2.0688814e-08
1,185,2.0652552e-08,2.051632e-08,2.0536612e-08,2.0514362e-08
1,186,2.0506983e-08,2.0416064e-08,2.0609995e-08,2.0491102e-08
1,187,2.0526896e-08,2.0506794e-08,2.050335e-08,2.0469933e-08
1,188,2.0496e-08,2.0480506e-08,2.0476655e-08,2.046e-08
1,189,2.0517197e-08,2.0480282e-08,2.0460927e-08,2.0461586e-08
1,190,2.0481542e-08,2.0517739e-08,2.0488542e-08,2.0452593e-08
1,191,2.0545e-08,2.0547192e-08,2.0493212e-08,2.0474355e-08
1,192,2.0580899e-08,2.053001e-08,2.0494678e-08,2.0470189e-08
1,193,2.062614e-08,2.0546016e-08,2.0506638e-08,2.0510644e-08
1,194,2.0555186e-08,2.0533056e-08,2.0487008e-08,2.0480893e-08
1,195,2.0587612e-08,2.0537685e-08,2.0498339e-08,2.0463665e-08
1,196,2.0528304e-08,2.0584793e-08,2.0531361e-08,2.0486143e-08
1,197,2.058299e-08,2.0410134e-08,2.0647022e-08,2.0359925e-08
1,198,2.0627866e-08,2.0625505e-08,2.0531527e-08,2.041961e-08
1,199,2.0401746e-08,2.0570162e-08,2.051471e-08,2.0456453e-08
1,200,2.0488516e-08,2.0514111e-08,2.0498522e-08,2.0477996e-08
1,201,2.0519945e-08,2.050101e-08,2.0483716e-08,2.0443641e-08
1,202,2.050062e-08,2.0480954e-08,2.0462295e-08,2.0408478e-08
1,203,2.0531212e-08,2.0527605e-08,2.050362e-08,2.0491118e-08
1,204,2.0479474e-08,2.0487155e-08,2.0434145e-08,2.0544723e-08
1,205,2.0562975e-08,2.0598923e-08,2.050861e-08,2.0508795e-08
1,206,2.0555838e-08,2.0715733e-08,2.0451527e-08,2.0625908e-08
1,207,2.0491923e-08,2.083392e-08,2.045009e-08,2.0591814e-08
1,208,2.0654557e-08,2.0711857e-08,2.0489304e-08,2.0751967e-08
1,209,2.0498327e-08,2.0784743e-08,2.0595769e-08,2.0545503e-08
1,210,2.0683075e-08,2.060531e-08,2.0655714e-08,2.0704702e-08
1,211,2.0676557e-08,2.051369e-08,2.058661e-08,2.0736634e-08
1,212,2.0665295e-08,2.0682036e-08,2.0709825e-08,2.0754491e-08
1,213,2.0638945e-08,2.0693149e-08,2.072001e-08,2.0722155e-08
1,214,2.0677493e-08,2.0708814e-08,2.0711395e-08,2.0722943e-08
1,215,2.0699522e-08,2.0727915e-08,2.0707958e-08,2.0729587e-08
1,216,2.0690479e-08,2.070011e-08,2.073118e-08,2.071138e-08
1,217,2.0677257e-08,2.069166e-08,2.0736254e-08,2.0708349e-08
1,218,2.0687104e-08,2.0708923e-08,2.0718842e-08,2.068921e-08
1,219,2.0681329e-08,2.0704812e-08,2.0702691e-08,2.0716643e-08
1,220,2.0701481e-08,2.070572e-08,2.0699582e-08,2.0691667e-08
1,221,2.0690708e-08,2.0698087e-08,2.0708102e-08,2.0711653e-08
1,222,2.069439e-08,2.0692568e-08,2.0709916e-08,2.0684023e-08
1,223,2.0694817e-08,2.069857e-08,2.0682974e-08,2.0692285e-08
1,224,2.069343e-08,2.0691083e-08,2.0689491e-08,2.0706272e-08
1,225,2.06807e-08,2.0684253e-08,2.0708166e-08,2.0697184e-08
1,226,2.0690374e-08,2.0720785e-08,2.0672248e-08,2.0701332e-08
1,227,2.0682709e-08,2.0689447e-08,2.0667999e-08,2.0661796e-08
1,228,2.0683649e-08,2.0689567e-08,2.0729214e-08,2.0765123e-08
1,229,2.066957e-08,2.0669733e-08,2.0660954e-08,2.0669255e-08
1,230,2.0671601e-08,2.0682302e-08,2.0656874e-08,2.0642496e-08
1,231,2.064187e-08,2.0637097e-08,2.0632907e-08,2.0636394e-08
1,232,2.0617572e-08,2.0652582e-08,2.0609022e-08,2.063483e-08
1,233,2.0658913e-08,2.0624581e-08,2.0630983e-08,2.064198e-08
1,234,2.0671111e-08,2.0696776e-08,2.0702963e-08,2.0645764e-08
1,235,2.0683375e-08,2.0798085e-08,2.0576747e-08,2.0642801e-08
1,236,2.0747605e-08,2.0580005e-08,2.0701682e-08,2.0588553e-08
1,237,2.0737055e-08,2.067445e-08,2.071698e-08,2.0827697e-08
1,238,2.079502e-08,2.0583595e-08,2.0607436e-08,2.0688011e-08
1,239,2.0647517e-08,2.0664014e-08,2.0731694e-08,2.0614113e-08
1,240,2.0712804e-08,2.0720973e-08,2.0799805e-08,2.0589672e-08
1,241,2.0723308e-08,2.079707e-08,2.0618478e-08,2.066776e-08
1,242,2.089421e-08,2.0524517e-08,2.0799792e-08,2.0626558e-08
1,243,2.0695628e-08,2.0737998e-08,2.071894e-08,2.0704633e-08
1,244,2.0695438e-08,2.0715861e-08,2.0716085e-08,2.0704155e-08
1,245,2.0715696e-08,2.0708443e-08,2.0693276e-08,2.0673223e-08
1,246,2.0687343e-08,2.0679463e-08,2.0654127e-08,2.067725e-08
1,247,2.0674573e-08,2.0638634e-08,2.0689107e-08,2.0669612e-08
1,248,2.0665276e-08,2.0647667e-08,2.0659789e-08,2.066828e-08
1,249,2.0673083e-08,2.0662782e-08,2.064805e-08,2.0658499e-08
1,250,2.06576e-08,2.0679687e-08,2.064992e-08,2.06463e-08
1,251,2.0653939e-08,2.0662373e-08,2.0647352e-08,2.0662512e-08
1,252,2.0672783e-08,2.065197e-08,2.0633756e-08,2.0656659e-08
1,253,2.0668171e-08,2.0664457e-08,2.0651767e-08,2.0645306e-08
1,254,2.0664569e-08,2.0665269e-08,2.0649445e-08,2.0656485e-08
1,255,2.065642e-08,2.0658861e-08,2.0641096e-08,2.0659382e-08
2,0,107.01224,106.65723,106.512535,106.11665
2,1,107.686485,104.863716,105.55261,106.85275
2,2,102.830345,105.58833,105.71941,106.44451
2,3,105.956665,106.48813,106.78897,106.84154
2,4,65.09705,63.95259,78.31545,107.17938
2,5,73.22916,104.17474,104.971664,107.288376
2,6,61.73698,75.44324,105.838974,103.84945
2,7,101.86556,107.33875,102.771935,107.68725
2,8,64.66583,62.85453,64.336525,66.75281
2,9,65.815605,73.1569,104.155396,104.786674
2,10,61.05899,59.693535,61.77586,65.33877
2,11,105.12633,105.49405,106.38334,105.817604
2,12,67.82942,64.99761,64.07987,61.99453
2,13,66.25643,64.88482,67.16526,61.671764
2,14,64.952774,61.716034,62.11618,65.604965
2,15,62.48261,65.576195,91.70964,102.82238
2,16,72.853165,70.75124,80.87573,75.550705
2,17,71.85072,77.633804,94.84192,106.67126
2,18,63.40629,61.770115,65.13049,73.833435
2,19,102.85352,106.12494,104.995346,106.07275
2,20,94.05314,107.02108,101.3447,85.28569
2,21,107.28984,106.91615,104.983795,106.0085
2,22,101.61513,106.40653,103.764786,102.3114
2,23,103.08687,105.14236,105.19155,106.55018
2,24,99.07767,102.25613,106.19449,107.355255
2,25,106.707275,103.56674,105.9161,104.51303
2,26,106.737656,104.3632,104.61906,104.8498
2,27,70.98772,78.649704,102.35202,107.65614
2,28,63.35057,64.65143,64.19479,63.934494
2,29,107.10761,102.17451,105.94375,106.18187
2,30,107.2806,102.60204,107.49908,105.44655
2,31,66.45248,78.179,72.41578,67.400154
2,32,67.94643,69.172195,71.48215,100.16232
2,33,65.23637,63.245445,63.612713,66.29843
2,34,68.71666,72.00394,85.36747,105.22822
2,35,106.3739,104.16188,104.43656,104.218796
2,36,105.96053,102.16257,106.52614,103.16247
2,37,69.07886,69.20393,66.0972,64.36777
2,38,107.43248,104.88542,106.44051,103.014015
2,39,70.91385,83.85389,101.67312,83.129395
2,40,63.26219,64.21161,65.313805,67.57972
2,41,104.48418,106.35648,103.37572,106.52417
2,42,106.34024,103.5003,106.63624,103.5882
2,43,106.33847,103.25256,106.16261,104.250755
2,44,103.46948,103.636185,104.66398,102.93339
2,45,106.48391,102.68674,107.06661,104.449745
2,46,103.21268,105.14492,103.88884,104.56346
2,47,106.90715,107.16765,105.7321,104.359276
2,48,107.2605,107.0517,107.06264,106.606674
2,49,106.90739,106.75369,106.92581,106.54152
2,50,107.42899,106.54374,106.5404,107.165535
2,51,106.58987,106.677055,107.15729,106.28102
2,52,107.89306,106.07354,105.36813,105.642586
2,53,101.253555,103.59238,107.33235,103.27661
2,54,106.9572,106.669205,106.87479,106.874054
2,55,104.96539,105.35612,105.96919,105.17293
2,56,106.63012,103.43906,104.47104,104.310394
2,57,104.23665,107.199715,107.45229,107.03781
2,58,106.34572,104.597305,105.186844,104.03413
2,59,106.63303,106.71152,106.99194,106.860176
2,60,105.94144,103.02474,106.694374,104.139366
2,61,106.323944,102.26498,107.49763,105.73315
2,62,71.46788,81.31912,102.14223,107.24967
2,63,59.679512,62.13129,64.79701,62.185665
2,64,59.59027,58.0166,61.237984,58.816685
2,65,103.644684,104.8456,104.91941,100.554985
2,66,68.47166,68.097,66.75723,69.73529
2,67,106.47029,104.513054,104.82655,106.1218
2,68,107.9025,105.78999,103.10259,102.02967
2,69,90.401215,106.04437,105.36765,103.87194
2,70,106.26556,104.24345,103.46336,106.717636
2,71,81.29047,106.94799,105.44186,103.32589
2,72,69.12579,88.13555,104.609886,106.36295
2,73,103.92931,106.199875,104.05707,105.593315
2,74,61.894085,67.521645,85.82378,107.4157
2,75,102.5597,106.362274,104.82872,106.49772
2,76,96.63299,100.75521,89.95805,76.54829
2,77,106.25479,105.674835,104.22339,105.77499
2,78,106.99031,103.86528,106.505135,102.863594
2,79,107.19096,106.148254,103.59111,107.18599
2,80,105.56562,106.86289,104.229355,105.389114
2,81,106.946335,105.45393,103.764656,105.53563
2,82,67.42642,73.07932,87.501755,106.25813
2,83,105.31783,106.89148,103.81225,106.37359
2,84,107.798676,102.93522,106.49144,102.88715
2,85,76.29015,101.99487,106.19399,103.46872
2,86,107.036896,102.03007,107.32255,104.06264
2,87,79.30834,102.85416,107.75454,105.21105
2,88,102.814644,107.51214,105.79057,104.24617
2,89,106.04633,106.51393,102.88354,105.96685
2,90,69.11117,67.17186,68.70914,66.34016
2,91,107.2893,106.772026,105.335236,103.90281
2,92,105.9982,103.419685,107.096725,102.80758
2,93,107.505486,104.58799,104.11731,105.70073
2,94,103.60811,105.62309,103.74186,107.25149
2,95,104.06129,105.678314,106.30964,103.65062
2,96,105.50161,103.73276,104.39917,105.22725
2,97,105.58408,106.075264,104.54448,105.72202
2,98,103.50012,105.80348,104.5665,91.87763
2,99,69.635086,70.25502,66.698135,63.92768
2,100,106.99917,106.3119,106.28582,106.57478
2,101,106.74813,105.97019,105.58528,106.59448
2,102,105.86061,104.92663,104.475136,104.32964
2,103,106.485054,106.329346,107.40826,107.272385
2,104,106.70545,104.304756,106.96538,103.756134
2,105,105.26528,103.69068,106.85611,106.30957
2,106,108.101776,106.73073,104.41178,104.09433
2,107,106.867935,104.597984,105.98554,106.51269
2,108,107.3849,104.93851,105.48489,106.22554
2,109,105.263466,107.41387,106.78514,105.02234
2,110,107.84884,103.120056,107.90958,105.8676
2,111,105.69123,106.6597,107.14548,105.31308
2,112,107.429634,105.99257,103.445274,105.09152
2,113,105.753654,103.5063,106.859856,107.41462
2,114,104.393486,106.83088,105.72123,105.15416
2,115,106.89055,106.45837,106.395134,106.44858
2,116,107.25206,107.3814,106.58844,106.3135
2,117,106.458786,106.717186,106.34819,106.16967
2,118,106.58636,106.52047,106.83364,106.27691
2,119,105.83844,106.73797,106.82934,106.4223
2,120,83.82783,78.295715,80.814606,76.90655
2,121,103.89113,105.44183,106.59265,105.59434
2,122,104.742485,105.34635,105.99495,105.53088
2,123,76.322525,103.290634,107.08182,104.49488
2,124,106.08167,104.12125,106.35196,105.83307
2,125,105.50342,103.96588,106.94863,106.985954
2,126,104.961044,104.35359,105.6106,106.853355
2,127,105.736786,105.51554,106.68044,106.05725
2,128,105.403946,104.23559,105.8062,105.72332
2,129,105.70191,105.17594,106.147804,106.44146
2,130,106.82213,105.657265,105.91943,106.711815
2,131,105.215836,104.780846,105.41166,105.37076
2,132,106.41305,105.51639,106.95492,107.218346
2,133,106.55028,105.94847,105.395004,105.51706
2,134,106.1159,105.04521,105.202576,105.618484
2,135,104.63756,106.40025,106.07737,105.629944
2,136,104.29263,104.60323,105.303566,105.22224
2,137,105.0036,104.802704,105.114044,104.211266
2,138,106.068665,106.43196,105.67556,106.01831
2,139,105.248955,104.47039,105.24321,105.95737
2,140,105.75454,104.81153,105.326,105.4067
2,141,106.17904,106.341415,106.334526,105.73458
2,142,106.6241,106.54002,105.784035,105.30776
2,143,106.999695,107.10725,105.96669,106.86626
2,144,106.348595,105.807434,106.14355,105.9976
2,145,106.07461,106.29615,105.95853,106.41622
2,146,105.758705,105.78202,105.90457,106.05092
2,147,106.35385,106.8147,106.413795,106.592674
2,148,106.65157,105.6889,105.54894,106.55387
2,149,106.293785,106.10599,106.35049,105.642845
2,150,107.04119,106.29952,106.80465,105.92134
2,151,107.2472,106.79823,106.343544,106.28978
2,152,106.7634,106.50683,105.929146,106.90193
2,153,106.5176,106.823746,107.3573,107.04921
2,154,105.88018,106.65724,106.57636,105.849144
2,155,107.40383,103.3764,107.38971,103.72002
2,156,104.62766,103.83453,105.36503,106.53128
2,157,106.643295,106.566154,106.75099,106.90409
2,158,106.61858,106.79518,107.45599,106.85889
2,159,106.64437,106.71233,106.55902,106.812454
2,160,105.77545,106.20355,106.10418,106.56679
2,161,106.83221,106.57401,106.169975,105.483
2,162,107.73701,105.58268,106.352425,106.57941
2,163,105.73777,105.921875,106.61442,106.75353
2,164,106.71315,107.61847,107.03714,106.61212
2,165,107.23172,106.790405,106.824936,106.62145
2,166,106.26611,106.182976,105.56023,105.15018
2,167,106.810074,106.50682,106.5085,106.51846
2,168,107.597946,106.96393,106.49545,106.73363
2,169,106.726425,106.82161,107.13767,106.84911
2,170,106.14105,106.6665,107.20109,107.02171
2,171,107.38649,106.74484,106.102875,106.592705
2,172,106.026115,106.01741,106.90935,106.85586
2,173,106.593025,105.87814,105.592,105.9822
2,174,106.34581,106.764175,107.02839,107.3329
2,175,105.34723,106.22436,105.881004,106.37134
2,176,106.363174,107.015854,107.25435,106.893585
2,177,70.526245,78.47343,103.38452,106.26741
2,178,106.55291,105.741264,105.473,106.81619
2,179,70.509,74.75195,98.33518,103.99305
2,180,71.684006,71.531975,100.788704,104.152306
2,181,105.341446,107.12107,104.71834,106.00775
2,182,69.933136,76.304855,90.80809,107.82071
2,183,60.719505,67.14996,91.42711,106.8139
2,184,104.126465,105.9883,104.75645,104.37367
2,185,106.95043,107.67626,106.66064,107.00155
2,186,107.19345,106.16574,103.65045,107.615616
2,187,106.755135,105.88815,106.09996,107.0551
2,188,106.02852,106.724785,106.70822,106.45754
2,189,106.34315,105.92423,106.068634,106.29995
2,190,106.77523,106.58167,106.009964,106.53483
2,191,107.22583,106.42128,106.29038,105.96878
2,192,106.30022,106.12268,106.38431,106.53393
2,193,105.79049,106.60437,106.84421,106.26448
2,194,106.77047,106.62265,106.80628,106.76539
2,195,106.37028,106.97297,107.16142,106.59166
2,196,107.408485,106.55138,105.25952,105.87689
2,197,103.70166,106.16928,103.23427,107.37155
2,198,104.642395,105.04121,107.193405,106.92946
2,199,106.03356,105.663506,106.11295,106.1207
2,200,107.23941,106.85984,107.67659,107.45344
2,201,106.15801,106.5764,106.04539,106.58534
2,202,107.30952,107.19248,106.899,106.341736
2,203,106.38182,106.8988,106.87619,106.560585
2,204,105.63138,106.92465,106.61163,106.71711
2,205,105.543755,107.26725,107.75969,107.39022
2,206,104.15851,104.75083,106.14471,105.157715
2,207,106.40766,103.6813,107.27551,104.904144
2,208,102.97002,106.15663,106.02834,105.38151
2,209,105.908775,104.30947,106.967514,107.39386
2,210,105.42314,99.83145,81.987976,62.91706
2,211,102.499275,103.87232,91.29654,70.25619
2,212,65.83188,64.70826,65.48534,62.693024
2,213,65.93328,74.33105,64.90122,62.464176
2,214,73.77254,65.680695,63.324425,66.45511
2,215,65.17869,62.332443,60.635994,58.59479
2,216,57.47257,62.0964,63.646454,65.794426
2,217,59.346695,61.361866,61.56753,64.37054
2,218,57.990482,61.88294,60.359856,59.942043
2,219,59.82159,61.778667,61.56546,61.78195
2,220,65.97706,61.47243,64.191864,68.849976
2,221,62.542587,67.91048,67.346924,59.858635
2,222,61.22225,67.425095,61.904575,59.74751
2,223,62.82197,62.703754,65.17949,68.07504
2,224,63.895973,65.24562,62.971287,60.5536
2,225,60.00111,60.414165,58.031902,57.618393
2,226,61.8539,59.009724,59.0751,60.748505
2,227,58.34668,57.014347,56.602627,58.235195
2,228,59.26039,65.15192,91.29524,103.865685
2,229,57.79971,60.73628,62.10774,66.92593
2,230,65.64466,66.59458,63.16887,63.627853
2,231,64.108635,61.90502,65.61006,64.21489
2,232,71.91125,70.439545,67.88116,72.52529
2,233,67.01355,63.656006,63.799248,60.4395
2,234,71.68137,74.87873,102.93166,105.58736
2,235,103.32457,103.72802,106.137276,105.323265
2,236,105.23788,104.38106,105.749725,101.23641
2,237,101.00433,85.69984,75.60887,91.588036
2,238,104.8522,105.63264,104.677734,103.927414
2,239,106.39674,103.92226,105.555244,105.563324
2,240,64.77352,75.233086,102.647484,106.294136
2,241,74.38897,92.309235,105.95747,103.38436
2,242,102.331985,106.12011,102.99235,102.850784
2,243,68.05296,67.755905,61.11941,60.88972
2,244,65.6538,66.454346,63.281963,62.952255
2,245,57.282734,56.713768,55.868996,56.951035
2,246,58.5671,58.126236,57.08391,60.088238
2,247,57.626553,60.300198,60.70285,55.263012
2,248,59.882946,62.51335,62.508316,64.66163
2,249,58.551743,59.328323,58.203384,60.692635
2,250,56.0062,56.743343,57.85782,58.69172
2,251,57.977806,60.63141,63.272316,59.792343
2,252,55.59317,55.667683,64.021576,65.238594
2,253,59.409367,63.4541,60.41461,58.11024
2,254,59.320156,59.87871,59.539616,59.863014
2,255,59.419765,55.762356,59.380615,59.89496
3,0,3.410605e-10,-7.594281e-11,-7.0076567e-10,-1.5529622e-09
3,1,2.6384441e-09,2.2764652e-09,1.7389539e-09,1.0982149e-09
3,2,5.5988494e-09,5.253696e-09,4.897174e-09,4.5083652e-09
3,3,7.435574e-09,7.3177944e-09,7.1736395e-09,6.8912414e-09
3,4,9.138148e-09,9.334599e-09,1.0028089e-08,9.757059e-09
3,5,1.1978045e-08,1.2197688e-08,1.2161308e-08,1.1868451e-08
3,6,1.3329554e-08,1.3997578e-08,1.3964836e-08,1.3978479e-08
3,7,1.6201284e-08,1.6034392e-08,1.5831574e-08,1.5708792e-08
3,8,1.6552804e-08,1.6613285e-08,1.6605554e-08,1.6556896e-08
3,9,1.8302217e-08,1.915896e-08,1.9312665e-08,1.9555955e-08
3,10,2.0017524e-08,2.0225343e-08,2.0314928e-08,2.03313e-08
3,11,2.2842869e-08,2.3063876e-08,2.28938e-08,2.3032044e-08
3,12,2.370507e-08,2.3816938e-08,2.4011115e-08,2.4098426e-08
3,13,2.5201189e-08,2.530578e-08,2.5390364e-08,2.5527243e-08
3,14,2.662864e-08,2.6826456e-08,2.6973794e-08,2.7104306e-08
3,15,2.7949682e-08,2.8411705e-08,2.933848e-08,2.9328021e-08
3,16,2.8423074e-08,2.8633167e-08,2.8900104e-08,2.97523e-08
3,17,2.8758222e-08,2.951765e-08,3.0992396e-08,3.0953288e-08
3,18,2.9540843e-08,2.9677267e-08,2.9691364e-08,2.996103e-08
3,19,3.1084255e-08,3.1158834e-08,3.1269337e-08,3.1120635e-08
3,20,3.1898253e-08,3.139303e-08,3.0631327e-08,3.0524916e-08
3,21,3.167861e-08,3.178593e-08,3.1990112e-08,3.1795025e-08
3,22,3.2805474e-08,3.2653134e-08,3.2341177e-08,3.172454e-08
3,23,3.2805474e-08,3.2448952e-08,3.2298885e-08,3.258674e-08
3,24,3.3649485e-08,3.3382094e-08,3.338664e-08,3.2929165e-08
3,25,3.2851858e-08,3.2690423e-08,3.2518983e-08,3.243258e-08
3,26,3.2509433e-08,3.2517164e-08,3.241348e-08,3.2360276e-08
3,27,3.137302e-08,3.1993295e-08,3.235664e-08,3.186824e-08
3,28,3.115065e-08,3.1086984e-08,3.0989668e-08,3.0816864e-08
3,29,3.168543e-08,3.224295e-08,3.2255684e-08,3.2296157e-08
3,30,3.168043e-08,3.140167e-08,3.1147465e-08,3.0951924e-08
3,31,2.9663624e-08,2.954448e-08,2.9494458e-08,2.9426246e-08
3,32,2.9009698e-08,2.89956e-08,2.9468538e-08,2.9686817e-08
3,33,2.857496e-08,2.8507657e-08,2.8271188e-08,2.7989245e-08
3,34,2.7303031e-08,2.738716e-08,2.7906026e-08,2.788147e-08
3,35,2.6976977e-08,2.6848284e-08,2.6882844e-08,2.6760972e-08
3,36,2.6139332e-08,2.5989266e-08,2.6008365e-08,2.5765075e-08
3,37,2.4599103e-08,2.4558176e-08,2.4508154e-08,2.4464498e-08
3,38,2.440538e-08,2.4530891e-08,2.4589554e-08,2.4552264e-08
3,39,2.3162102e-08,2.3817393e-08,2.315619e-08,2.2918357e-08
3,40,2.1746928e-08,2.1723736e-08,2.1638698e-08,2.1652795e-08
3,41,2.1837877e-08,2.1802407e-08,2.1863343e-08,2.1803316e-08
3,42,2.1082542e-08,2.0933385e-08,2.087836e-08,2.0811967e-08
3,43,2.0228072e-08,2.015986e-08,2.0080734e-08,2.0160769e-08
3,44,2.0304924e-08,2.0152129e-08,1.9786967e-08,1.9840627e-08
3,45,2.1077994e-08,2.052002e-08,2.0024345e-08,1.9613253e-08
3,46,2.2454515e-08,2.182469e-08,2.1335381e-08,2.086017e-08
3,47,2.4383098e-08,2.3793291e-08,2.3160283e-08,2.2474978e-08
3,48,2.566776e-08,2.5129339e-08,2.4418114e-08,2.3688699e-08
3,49,2.722527e-08,2.66582e-08,2.602792e-08,2.5311692e-08
3,50,2.906836e-08,2.8538125e-08,2.794377e-08,2.7315764e-08
3,51,3.0620413e-08,3.0073807e-08,2.9511739e-08,2.8877821e-08
3,52,3.19842e-08,3.1462605e-08,3.0971023e-08,3.046216e-08
3,53,3.4286586e-08,3.3660854e-08,3.288642e-08,3.224477e-08
3,54,3.4653112e-08,3.4267487e-08,3.3657216e-08,3.31911e-08
3,55,3.6189704e-08,3.5656285e-08,3.5105586e-08,3.4578534e-08
3,56,3.7533027e-08,3.7164682e-08,3.675177e-08,3.5974153e-08
3,57,3.8578946e-08,3.7913196e-08,3.7336576e-08,3.6762685e-08
3,58,3.9909082e-08,3.9637598e-08,3.8873623e-08,3.8197868e-08
3,59,4.068397e-08,4.0084615e-08,3.954574e-08,3.9133283e-08
3,60,4.2057763e-08,4.1665317e-08,4.1049134e-08,4.040794e-08
3,61,4.276899e-08,4.215599e-08,4.162166e-08,4.098547e-08
3,62,4.2466127e-08,4.279991e-08,4.2442025e-08,4.1836756e-08
3,63,4.3335604e-08,4.2694865e-08,4.209096e-08,4.151616e-08
3,64,4.3391537e-08,4.267622e-08,4.2234205e-08,4.1693056e-08
3,65,4.4301487e-08,4.3765795e-08,4.3149612e-08,4.1852218e-08
3,66,4.249523e-08,4.199228e-08,4.1462954e-08,4.087906e-08
3,67,4.3103682e-08,4.2656666e-08,4.229969e-08,4.1655312e-08
3,68,4.3003638e-08,4.2446118e-08,4.1779913e-08,4.180447e-08
3,69,4.2518423e-08,4.2149168e-08,4.1635758e-08,4.1077783e-08
3,70,4.203639e-08,4.1469775e-08,4.107096e-08,4.0592113e-08
3,71,4.1701696e-08,4.12374e-08,4.0553914e-08,4.013964e-08
3,72,4.0306986e-08,4.0376108e-08,3.9941824e-08,3.9412953e-08
3,73,4.0743544e-08,4.0243776e-08,3.96858e-08,3.891546e-08
3,74,3.837158e-08,3.812329e-08,3.8316102e-08,3.770583e-08
3,75,3.8156486e-08,3.7707196e-08,3.712148e-08,3.647301e-08
3,76,3.7452992e-08,3.6174697e-08,3.5109224e-08,3.4545337e-08
3,77,3.683408e-08,3.620653e-08,3.5578978e-08,3.512514e-08
3,78,3.5884568e-08,3.563764e-08,3.5161065e-08,3.445939e-08
3,79,3.5349785e-08,3.4669938e-08,3.4250206e-08,3.367768e-08
3,80,3.479954e-08,3.4328423e-08,3.363357e-08,3.3018296e-08
3,81,3.4229288e-08,3.36463e-08,3.2936896e-08,3.2559456e-08
3,82,3.2420758e-08,3.1980562e-08,3.2231128e-08,3.208288e-08
3,83,3.2637217e-08,3.2146545e-08,3.1437594e-08,3.0847332e-08
3,84,3.160676e-08,3.094965e-08,3.0431693e-08,2.9696366e-08
3,85,3.0098363e-08,3.0107003e-08,2.9452622e-08,2.8957857e-08
3,86,2.9909188e-08,2.9338025e-08,2.875322e-08,2.8220256e-08
3,87,2.8356226e-08,2.8120667e-08,2.7497663e-08,2.7091119e-08
3,88,2.7531769e-08,2.6962425e-08,2.6481757e-08,2.5872396e-08
3,89,2.6544512e-08,2.6346697e-08,2.5822828e-08,2.5343525e-08
3,90,2.4860128e-08,2.4439032e-08,2.3945631e-08,2.339857e-08
3,91,2.5035206e-08,2.4593646e-08,2.3953362e-08,2.3700068e-08
3,92,2.4412657e-08,2.3944722e-08,2.3549092e-08,2.292336e-08
3,93,2.4035216e-08,2.3540906e-08,2.2887434e-08,2.2389031e-08
3,94,2.4029305e-08,2.353454e-08,2.2834229e-08,2.2201675e-08
3,95,2.4022029e-08,2.3438133e-08,2.27692e-08,2.235538e-08
3,96,2.4220299e-08,2.3832854e-08,2.3154826e-08,2.2558197e-08
3,97,2.4314431e-08,2.3587745e-08,2.2917902e-08,2.2556833e-08
3,98,2.4571818e-08,2.3946995e-08,2.3128905e-08,2.1727828e-08
3,99,2.3681423e-08,2.3123448e-08,2.2669155e-08,2.2235781e-08
3,100,2.4076598e-08,2.3475877e-08,2.292336e-08,2.2434506e-08
3,101,2.4193469e-08,2.3600478e-08,2.2874701e-08,2.2197128e-08
3,102,2.6152065e-08,2.5306235e-08,2.4514975e-08,2.3621851e-08
3,103,2.770821e-08,2.6997895e-08,2.6219823e-08,2.5448571e-08
3,104,2.8767772e-08,2.8103386e-08,2.752904e-08,2.6752787e-08
3,105,2.9781404e-08,2.9135208e-08,2.8560862e-08,2.7757324e-08
3,106,3.0046976e-08,2.9439434e-08,2.880779e-08,2.799925e-08
3,107,2.987599e-08,2.922252e-08,2.8508566e-08,2.7770966e-08
3,108,2.9665443e-08,2.911338e-08,2.8371687e-08,2.7381702e-08
3,109,2.9420335e-08,2.862862e-08,2.780962e-08,2.6867838e-08
3,110,2.847355e-08,2.7786882e-08,2.690922e-08,2.5904683e-08
3,111,2.7680471e-08,2.6885118e-08,2.6087946e-08,2.5204827e-08
3,112,2.7139777e-08,2.6345333e-08,2.5509507e-08,2.5058398e-08
3,113,2.6410817e-08,2.5584086e-08,2.4851943e-08,2.41198e-08
3,114,2.5781446e-08,2.5074769e-08,2.4201654e-08,2.3477241e-08
3,115,2.50202e-08,2.4241672e-08,2.3457233e-08,2.2766471e-08
3,116,2.4044766e-08,2.3234861e-08,2.242541e-08,2.1576398e-08
3,117,2.2714175e-08,2.1898813e-08,2.1129836e-08,2.0289008e-08
3,118,2.0783318e-08,2.0117568e-08,1.9355866e-08,1.8480023e-08
3,119,1.9310846e-08,1.8750598e-08,1.7983893e-08,1.7164894e-08
3,120,1.6529611e-08,1.5947535e-08,1.5285877e-08,1.4624675e-08
3,121,1.6713784e-08,1.6167178e-08,1.5608748e-08,1.4867965e-08
3,122,1.51731e-08,1.4521447e-08,1.3947101e-08,1.3209046e-08
3,123,1.3579665e-08,1.3197678e-08,1.2516921e-08,1.1854354e-08
3,124,1.2950295e-08,1.22367965e-08,1.1591965e-08,1.1061729e-08
3,125,1.2273631e-08,1.16751835e-08,1.09516805e-08,1.0339136e-08
3,126,1.0920758e-08,1.0394615e-08,9.717041e-09,9.0544745e-09
3,127,1.0479198e-08,9.330961e-09,8.714778e-09,8.067673e-09
3,128,1.1888915e-08,9.473297e-09,8.236839e-09,7.468316e-09
3,129,1.3737008e-08,1.0930762e-08,8.379175e-09,6.7293513e-09
3,130,1.5800197e-08,1.2915734e-08,1.01254045e-08,7.50515e-09
3,131,1.7948878e-08,1.4972557e-08,1.2103101e-08,9.255473e-09
3,132,1.9691925e-08,1.6849754e-08,1.384069e-08,1.0961685e-08
3,133,2.1686901e-08,1.8784249e-08,1.5841579e-08,1.3023055e-08
3,134,2.3412213e-08,2.072511e-08,1.788203e-08,1.5077148e-08
3,135,2.4504516e-08,2.1819687e-08,1.903527e-08,1.6141712e-08
3,136,2.6050202e-08,2.3259872e-08,2.0589141e-08,1.7718321e-08
3,137,2.7294845e-08,2.4519068e-08,2.1817868e-08,1.914259e-08
3,138,2.8668182e-08,2.5760073e-08,2.2982931e-08,2.026809e-08
3,139,2.9701368e-08,2.683646e-08,2.4158908e-08,2.1317192e-08
3,140,3.093328e-08,2.8251634e-08,2.5475856e-08,2.2638687e-08
3,141,3.2111075e-08,2.9115654e-08,2.643128e-08,2.392926e-08
3,142,3.3163815e-08,3.0532647e-08,2.7846454e-08,2.5197096e-08
3,143,3.4051936e-08,3.1377112e-08,2.87705e-08,2.6022917e-08
3,144,3.5334324e-08,3.261721e-08,3.0026513e-08,2.7429905e-08
3,145,3.654941e-08,3.398236e-08,3.1441687e-08,2.8768227e-08
3,146,3.7567588e-08,3.51547e-08,3.2548996e-08,3.0009232e-08
3,147,3.9018232e-08,3.6775873e-08,3.4268396e-08,3.1581294e-08
3,148,4.021649e-08,3.8050985e-08,3.5623543e-08,3.3154265e-08
3,149,4.098456e-08,3.903824e-08,3.6760866e-08,3.422656e-08
3,150,4.1680323e-08,3.98677e-08,3.793548e-08,3.5650373e-08
3,151,4.1662588e-08,4.0079158e-08,3.8417056e-08,3.6360234e-08
3,152,4.2120973e-08,4.0617124e-08,3.908417e-08,3.735886e-08
3,153,4.238109e-08,4.099229e-08,3.9577117e-08,3.8004146e-08
3,154,4.2405645e-08,4.114554e-08,3.979585e-08,3.842024e-08
3,155,4.2591637e-08,4.135518e-08,4.031517e-08,3.898822e-08
3,156,4.201729e-08,4.1006388e-08,4.007825e-08,3.8854523e-08
3,157,4.16876e-08,4.0654413e-08,3.9646693e-08,3.8480266e-08
3,158,4.0993655e-08,4.004005e-08,3.908326e-08,3.7917744e-08
3,159,4.0789928e-08,3.9869064e-08,3.896548e-08,3.7835434e-08
3,160,4.043295e-08,3.9467068e-08,3.8424787e-08,3.7327936e-08
3,161,3.97672e-08,3.8762664e-08,3.7708105e-08,3.6649908e-08
3,162,3.8935013e-08,3.7965492e-08,3.7027803e-08,3.5945504e-08
3,163,3.8383405e-08,3.755622e-08,3.6548045e-08,3.5429366e-08
3,164,3.7307018e-08,3.648438e-08,3.55667e-08,3.4455752e-08
3,165,3.6342954e-08,3.5450284e-08,3.4538516e-08,3.3464858e-08
3,166,3.515015e-08,3.4302047e-08,3.329251e-08,3.226569e-08
3,167,3.370633e-08,3.277046e-08,3.174455e-08,3.073319e-08
3,168,3.19601e-08,3.1032414e-08,3.0083356e-08,2.9085186e-08
3,169,2.9949206e-08,2.9101557e-08,2.8075647e-08,2.7171154e-08
3,170,2.8137038e-08,2.734214e-08,2.6417183e-08,2.5527697e-08
3,171,2.6283942e-08,2.5421286e-08,2.4488145e-08,2.354136e-08
3,172,2.474917e-08,2.4029305e-08,2.3162102e-08,2.2184395e-08
3,173,2.3704615e-08,2.3142547e-08,2.2529093e-08,2.1836513e-08
3,174,2.2922904e-08,2.26064e-08,2.2137556e-08,2.1557753e-08
3,175,2.230081e-08,2.1923825e-08,2.1563665e-08,2.1180313e-08
3,176,2.1776486e-08,2.146271e-08,2.1168034e-08,2.0899733e-08
3,177,2.0284915e-08,2.0720563e-08,2.0585958e-08,2.0400876e-08
3,178,2.0595053e-08,2.0284915e-08,1.9957042e-08,1.9579602e-08
3,179,1.9028903e-08,1.9313575e-08,1.9678282e-08,1.9202162e-08
3,180,1.85114e-08,1.8667379e-08,1.9081654e-08,1.8508217e-08
3,181,1.9050276e-08,1.8625997e-08,1.8265382e-08,1.7763341e-08
3,182,1.7472303e-08,1.7447746e-08,1.7971615e-08,1.7363618e-08
3,183,1.710805e-08,1.7008915e-08,1.7285402e-08,1.6666036e-08
3,184,1.7470484e-08,1.7093043e-08,1.649778e-08,1.6249487e-08
3,185,1.6904323e-08,1.6580998e-08,1.6077138e-08,1.5497335e-08
3,186,1.647777e-08,1.5799287e-08,1.5078058e-08,1.4307261e-08
3,187,1.6498234e-08,1.5436399e-08,1.4350007e-08,1.337412e-08
3,188,1.6585545e-08,1.5525075e-08,1.4320449e-08,1.2931196e-08
3,189,1.7165803e-08,1.6134436e-08,1.489434e-08,1.34841684e-08
3,190,1.7330422e-08,1.6417744e-08,1.5339538e-08,1.394892e-08
3,191,1.7595994e-08,1.6777449e-08,1.5741534e-08,1.447961e-08
3,192,1.835906e-08,1.7410002e-08,1.6339072e-08,1.5138085e-08
3,193,1.860326e-08,1.76492e-08,1.663102e-08,1.5530077e-08
3,194,1.8659648e-08,1.785611e-08,1.6869308e-08,1.5728801e-08
3,195,1.9138042e-08,1.8324045e-08,1.7282673e-08,1.6127615e-08
3,196,1.907165e-08,1.8301762e-08,1.7344973e-08,1.6167633e-08
3,197,1.9198978e-08,1.8473656e-08,1.7410912e-08,1.6103058e-08
3,198,1.8955234e-08,1.8104402e-08,1.7165348e-08,1.5899332e-08
3,199,1.8686478e-08,1.7884759e-08,1.6761533e-08,1.5457772e-08
3,200,1.8199898e-08,1.7428192e-08,1.6296326e-08,1.5065325e-08
3,201,1.7668299e-08,1.6781541e-08,1.566741e-08,1.4308625e-08
3,202,1.7275852e-08,1.6284048e-08,1.5005753e-08,1.3604222e-08
3,203,1.5976184e-08,1.5019396e-08,1.37251845e-08,1.2406872e-08
3,204,1.4526449e-08,1.358876e-08,1.2639703e-08,1.1499196e-08
3,205,1.2655619e-08,1.1909833e-08,1.1039447e-08,1.0054009e-08
3,206,1.0840722e-08,1.05087565e-08,1.0071744e-08,9.150426e-09
3,207,8.8384695e-09,8.9357854e-09,8.550614e-09,7.8989615e-09
3,208,6.6374923e-09,6.8239387e-09,6.990831e-09,6.754817e-09
3,209,4.42742e-09,4.8985385e-09,5.2136784e-09,5.29144e-09
3,210,1.992703e-09,1.938588e-09,2.4779183e-09,3.2678145e-09
3,211,-6.04814e-11,3.5970515e-10,5.97538e-10,1.6725608e-09
3,212,-2.6834641e-09,-1.9226718e-09,-9.39508e-10,2.8785507e-10
3,213,-4.181402e-09,-3.3464858e-09,-2.3965185e-09,-1.2523742e-09
3,214,-5.5051714e-09,-4.5761226e-09,-3.6425263e-09,-2.5393092e-09
3,215,-6.3027983e-09,-5.2891664e-09,-4.2937245e-09,-3.319201e-09
3,216,-7.0490387e-09,-6.2395884e-09,-5.2477844e-09,-4.3023647e-09
3,217,-7.9817255e-09,-7.131348e-09,-6.1581886e-09,-5.185939e-09
3,218,-8.480129e-09,-7.594281e-09,-6.6552275e-09,-5.738002e-09
3,219,-9.240921e-09,-8.336428e-09,-7.3896445e-09,-6.483333e-09
3,220,-1.0144959e-08,-9.3154995e-09,-8.471488e-09,-7.681592e-09
3,221,-1.0997155e-08,-1.0234999e-08,-9.339146e-09,-8.42374e-09
3,222,-1.1874818e-08,-1.0977601e-08,-1.015178e-08,-9.438736e-09
3,223,-1.2632427e-08,-1.1817974e-08,-1.1102657e-08,-1.03846105e-08
3,224,-1.3234967e-08,-1.2468263e-08,-1.1631073e-08,-1.0796157e-08
3,225,-1.3923e-08,-1.3194949e-08,-1.2360488e-08,-1.1578322e-08
3,226,-1.4693342e-08,-1.3886165e-08,-1.3228146e-08,-1.2486453e-08
3,227,-1.542594e-08,-1.4763373e-08,-1.4254056e-08,-1.3654244e-08
3,228,-1.634362e-08,-1.5618753e-08,-1.467788e-08,-1.4082161e-08
3,229,-1.7037564e-08,-1.6535978e-08,-1.6100785e-08,-1.558783e-08
3,230,-1.8176252e-08,-1.769331e-08,-1.7256752e-08,-1.7174443e-08
3,231,-1.9421805e-08,-1.9064373e-08,-1.8766059e-08,-1.8550509e-08
3,232,-2.0694642e-08,-2.0335392e-08,-2.0075731e-08,-1.9886102e-08
3,233,-2.1906544e-08,-2.1657797e-08,-2.1305823e-08,-2.1124379e-08
3,234,-2.3616394e-08,-2.2485892e-08,-2.19693e-08,-2.160823e-08
3,235,-2.3676876e-08,-2.3046596e-08,-2.226443e-08,-2.1626875e-08
3,236,-2.3072971e-08,-2.2350832e-08,-2.165234e-08,-2.1449068e-08
3,237,-2.2846507e-08,-2.2399945e-08,-2.1189862e-08,-1.9810159e-08
3,238,-2.1085725e-08,-2.0491825e-08,-1.9811068e-08,-1.922399e-08
3,239,-2.0450898e-08,-1.9638719e-08,-1.913304e-08,-1.85928e-08
3,240,-2.0550942e-08,-1.9208528e-08,-1.8325409e-08,-1.7827915e-08
3,241,-1.9516847e-08,-1.7879302e-08,-1.711669e-08,-1.640683e-08
3,242,-1.7631464e-08,-1.6880676e-08,-1.5897967e-08,-1.506396e-08
3,243,-1.8137598e-08,-1.7026196e-08,-1.5925252e-08,-1.5015758e-08
3,244,-1.7550065e-08,-1.6489139e-08,-1.5493242e-08,-1.4629677e-08
3,245,-1.7109414e-08,-1.6170816e-08,-1.5383648e-08,-1.4847501e-08
3,246,-1.7107595e-08,-1.6353624e-08,-1.5782462e-08,-1.5213573e-08
3,247,-1.7124876e-08,-1.6619651e-08,-1.590297e-08,-1.538183e-08
3,248,-1.7222192e-08,-1.6771082e-08,-1.6330432e-08,-1.577655e-08
3,249,-1.7174898e-08,-1.6662852e-08,-1.6214017e-08,-1.5780188e-08
3,250,-1.7228558e-08,-1.669332e-08,-1.6228569e-08,-1.5781097e-08
3,251,-1.737817e-08,-1.6892955e-08,-1.6429112e-08,-1.5994829e-08
3,252,-1.7237198e-08,-1.6879767e-08,-1.654007e-08,-1.615308e-08
3,253,-1.7236289e-08,-1.675835e-08,-1.6374088e-08,-1.600938e-08
3,254,-1.7416824e-08,-1.6912509e-08,-1.6505055e-08,-1.6041668e-08
3,255,-1.7511866e-08,-1.7034836e-08,-1.6603735e-08,-1.6209015e-08
